[
    {
      "response_type": "greeting",
      "user_input": ["hello", "hi", "hey"],
      "bot_response": "Hey there!",
      "required_words": []
    },
    {
      "response_type": "greeting",
      "user_input": ["see you", "goodbye", "bye"],
      "bot_response": "See you later!",
      "required_words": []
    },
    {
      "response_type": "greeting",
      "user_input": ["nice", "to", "meet", "you"],
      "bot_response": "The pleasure is all mine!",
      "required_words": ["nice", "meet", "you"]
    },
    {
      "response_type": "question",
      "user_input": ["how", "to", "learn", "code", "coding", "apps"],
      "bot_response": "Start by typing: 'How to learn coding' on Google.",
      "required_words": ["learn", "code"]
    },
    {
      "response_type": "question",
      "user_input": ["refund", "how", "can", "I", "get"],
      "bot_response": "We don't offer refunds for free education.",
      "required_words": ["refund", "i"]
    },
    {
      "response_type": "question",
      "user_input": ["how", "are", "you"],
      "bot_response": "I'm great! Thanks for asking.",
      "required_words": ["how", "are", "you"]
    }
  ]